Top queries,12/08/2026 - 18/08/2026 Clicks,05/08/2026 - 11/08/2026 Clicks,12/08/2026 - 18/08/2026 Impressions,05/08/2026 - 11/08/2026 Impressions,12/08/2026 - 18/08/2026 CTR,05/08/2026 - 11/08/2026 CTR,12/08/2026 - 18/08/2026 Position,05/08/2026 - 11/08/2026 Position
gujarat current affairs august 2026 important news,0,0,3,0,0%,0%,9.33,0
gujarat latest news august 17 2026 current affairs,0,0,2,0,0%,0%,9.5,0
india current affairs august 2026 gujarat current affairs august 2026,0,0,2,0,0%,0%,9.5,0
gujarat current affairs august 2026 latest,0,0,2,0,0%,0%,10,0
gujarat current affairs august 17 2026,0,0,2,0,0%,0%,10.5,0
gujarat current affairs august 18 2026 latest,0,0,2,0,0%,0%,10.5,0
gujarati ma,0,0,1,0,0%,0%,2,0
ha janavu che,0,0,1,0,0%,0%,2,0
vartman pravah,0,0,1,0,0%,0%,4,0
current affairs gujrati,0,0,1,0,0%,0%,9,0
gujarat latest current affairs august 2026 gujarat government news,0,0,1,0,0%,0%,9,0
gujarat current affairs august 18 2026,0,0,1,0,0%,0%,10,0
current affairs 2026 in gujarati with answers,0,0,1,0,0%,0%,22,0